"Theta [deg]","dB(RealizedGainTotal) [] - Freq='77GHz' Phi='0deg'","dB(RealizedGainTotal)_1 [] - Freq='77GHz' Phi='90.0000000000002deg'"
-180,-16.2116518041171,-16.211651804117
-179,-16.0416500989442,-17.3890158701207
-178,-16.2875273213733,-18.6353832955746
-177,-17.0211800319626,-18.4789252690518
-176,-18.3501337868393,-17.7008605335244
-175,-20.4505881696937,-17.4780289936357
-174,-23.7788717602164,-17.7327410350701
-173,-29.1348243137137,-18.2075364065899
-172,-32.8635010473223,-18.9232258425223
-171,-30.0358862406098,-19.6346356928367
-170,-27.7679827726624,-20.097445932273
-169,-26.5319069072689,-20.9452303806915
-168,-26.720241236699,-23.1734802832304
-167,-28.707273210928,-27.4782248029072
-166,-32.4444852952001,-33.5311818250034
-165,-34.3884724324529,-36.7426042999358
-164,-31.444030104804,-33.6968362531799
-163,-28.7676618072504,-29.5487971902989
-162,-26.6663727511086,-27.0645901212409
-161,-25.1945418553061,-26.0311811974221
-160,-24.5785120820339,-24.8595402197687
-159,-24.2937754278993,-21.9624002823385
-158,-24.0138306143007,-18.6921276706919
-157,-24.2002092399797,-16.2528950132185
-156,-24.8722779643898,-14.7730096761386
-155,-25.5257332908141,-14.0326426386224
-154,-26.1738108424904,-13.6311492280841
-153,-27.265280361607,-13.0779116954824
-152,-28.3447124472949,-12.1640327412753
-151,-28.2469567861806,-11.1838288377057
-150,-27.536778162116,-10.5112897973678
-149,-27.2246062110686,-10.2332332104172
-148,-26.9944017788682,-10.1626904817923
-147,-26.6810646490517,-10.018385802385
-146,-26.6825376594465,-9.6166372621583
-145,-27.4088921582941,-8.93214822573374
-144,-28.7670153272055,-8.05873460493321
-143,-29.755936367599,-7.17146693684925
-142,-28.7725262312008,-6.45788481269666
-141,-26.9134742660252,-6.02181399444135
-140,-25.6607915411869,-5.82246606844659
-139,-24.8559326962896,-5.68444220325851
-138,-24.1692592332539,-5.41097507888683
-137,-23.7674469992229,-4.95057582177076
-136,-24.0215640730904,-4.42434489489809
-135,-24.9077849045378,-3.98997256959579
-134,-25.6954414622843,-3.72963256421046
-133,-25.6547791132338,-3.62733376084041
-132,-25.1438624504407,-3.59638179835081
-131,-24.8746744673838,-3.53596203280628
-130,-25.2371071629284,-3.39401342791305
-129,-26.2801075248721,-3.1880285782421
-128,-27.4192569152501,-2.96984993668232
-127,-27.3884449158439,-2.78001402312155
-126,-26.1132702912117,-2.62899492990715
-125,-24.6708985818411,-2.50370558452928
-124,-23.5079891227955,-2.38423883062862
-123,-22.5932632971844,-2.25888436159619
-122,-21.8612519021591,-2.13019517307086
-121,-21.3709808771242,-2.01124659098866
-120,-21.2553673696281,-1.91723149827346
-119,-21.6170494849523,-1.85835345918016
-118,-22.4921842564713,-1.83656945107988
-117,-23.8601531227895,-1.84569572225084
-116,-25.5990765597988,-1.87354130278496
-115,-27.2352578435134,-1.90500789854592
-114,-27.7243916649924,-1.92535921013838
-113,-26.6774499415309,-1.92294802412195
-112,-25.0617108291697,-1.89087318004741
-111,-23.6014178064673,-1.82741149083025
-110,-22.466925775823,-1.73542956850824
-109,-21.6318462325967,-1.6211362108124
-108,-21.0314951266777,-1.49251912241905
-107,-20.601365683438,-1.35775565568971
-106,-20.2827014943337,-1.22384762469761
-105,-20.0236348963725,-1.0956713001118
-104,-19.7825168291795,-0.97553624308105
-103,-19.5316620887577,-0.863239378785965
-102,-19.2576926813983,-0.756520309001679
-101,-18.9573108115531,-0.651781461106716
-100,-18.6311389255085,-0.54492230241455
-99,-18.2793759098165,-0.432139541391375
-98,-17.9011073892264,-0.310563711650478
-97,-17.4965098578185,-0.178640902662893
-96,-17.0697445357016,-0.0362253050334104
-95,-16.6304754554178,0.115589022036508
-94,-16.1932010321492,0.274819384221442
-93,-15.7749864161756,0.439029329947264
-92,-15.3928342113522,0.605755699068651
-91,-15.0616853805847,0.772863851778244
-90,-14.793411996689,0.938800471929505
-89,-14.5966757770371,1.10274237131028
-88,-14.4773495056264,1.26466002053562
-87,-14.4392382620745,1.42532544503337
-86,-14.4849521884587,1.58629489775316
-85,-14.6168845530468,1.74988401129717
-84,-14.8383031263701,1.91912214244053
-83,-15.1545579980437,2.09762327142237
-82,-15.5743359142275,2.28925839034801
-81,-16.1107266604037,2.49749885523155
-80,-16.7815311794398,2.72438032810396
-79,-17.6074668173455,2.96925034314251
-78,-18.6049254136284,3.22775844995559
-77,-19.764903642336,3.49175568823772
-76,-21.0006552829372,3.75068900836903
-75,-22.0552983171434,3.99464675500747
-74,-22.4922362320349,4.21855580153926
-73,-22.0563623805694,4.4262620678831
-72,-21.0221617624313,4.63234937587311
-71,-19.8446967482043,4.85895797704848
-70,-18.7935210951865,5.12611771561362
-69,-17.9583763601123,5.43886056338569
-68,-17.3406832713874,5.77991690432024
-67,-16.9097335662859,6.11553305809942
-66,-16.634392485617,6.41250881702392
-65,-16.5052723860937,6.65677246886121
-64,-16.5468179099776,6.863447240837
-63,-16.8150947138545,7.07089971734503
-62,-17.3867157255673,7.31678040517293
-61,-18.3516029586747,7.60936052575819
-60,-19.8144721835929,7.92068210938636
-59,-21.8801678321141,8.21144308176602
-58,-24.4693016283634,8.46472783580123
-57,-26.3908401705246,8.69827556463309
-56,-25.4204368069771,8.94414578151661
-55,-22.9199540565081,9.21342120629639
-54,-20.7273046286676,9.48397780542964
-53,-19.1556353904197,9.72752995551314
-52,-18.1557842296012,9.94433613693853
-51,-17.6870597375681,10.1638142737475
-50,-17.7752110065381,10.4076195561717
-49,-18.5099621343191,10.6601727817502
-48,-20.0521346184634,10.888419172365
-47,-22.6466384856822,11.0857407723129
-46,-26.1991876212185,11.2806164481585
-45,-26.873055875557,11.4972010692033
-44,-22.9473958772177,11.7225537403523
-43,-19.4350234623581,11.9293866030896
-42,-17.0252451283063,12.1179832425237
-41,-15.5369812596493,12.3123691367035
-40,-14.8686900351078,12.5193886694942
-39,-15.0069272890095,12.7191776587044
-38,-16.0535685593033,12.9015742034446
-37,-18.3491965640399,13.0832761951736
-36,-22.8917433019534,13.2767515611679
-35,-28.7548181028315,13.4688002478363
-34,-21.0884937125536,13.6474949338741
-33,-15.7747598160905,13.824029852469
-32,-12.6233260522214,14.0082051032629
-31,-10.6721226553035,14.1882662604362
-30,-9.51139445089283,14.3561551999817
-29,-8.95537579951618,14.5254261174087
-28,-8.9071877282166,14.7034060059021
-27,-9.22799219749386,14.8745519725107
-26,-9.63539309659306,15.0305118513801
-25,-9.78413301836199,15.1847015510572
-24,-9.55919504300101,15.3416803692942
-23,-9.20745374308798,15.4869876729769
-22,-9.13337950486946,15.618804776451
-21,-9.78096359813592,15.7527629236731
-20,-11.7889482045259,15.8899344001874
-19,-16.8063612153671,16.0171003965409
-18,-26.3249024357406,16.1362021039111
-17,-13.2853966635325,16.2573243591383
-16,-7.61774261944249,16.3735569930877
-15,-4.45372360684707,16.4758908482774
-14,-2.72243338673097,16.5742486607086
-13,-2.14589057695115,16.6770857754193
-12,-2.74479317932634,16.775249148386
-11,-4.45231430761979,16.863904424761
-10,-4.74673120385806,16.9505232907332
-9,-0.451699540451625,17.0332179224151
-8,4.2124951388997,17.1020394095612
-7,7.86469536944644,17.1598265048761
-6,10.6775058786994,17.2138882496411
-5,12.8558183443314,17.2585607580948
-4,14.526681345933,17.2887566720797
-3,15.7682556836193,17.3121373426432
-2,16.6317034890538,17.3319366448294
-1,17.1481836858208,17.3399538834373
0,17.334808156933,17.3348081569331
1,17.1976422062369,17.3242945950831
2,16.7312787771938,17.3092656737832
3,15.9220085068135,17.2860237859429
4,14.7464518092584,17.2583463694105
5,13.1610206570955,17.2297608668337
6,11.0946155792564,17.1945649922161
7,8.4371939005867,17.1489586269533
8,5.00895329607249,17.0979172803696
9,0.579507140026897,17.0440792541203
10,-4.33685744653196,16.9841501282511
11,-5.62430327324111,16.9185165291994
12,-3.97381091323416,16.8500061899043
13,-3.20255144893717,16.774137936029
14,-3.71284932597249,16.6838687107347
15,-5.51475907865777,16.5811134624453
16,-8.93336592431678,16.4726912237307
17,-15.0244324730641,16.3598439905084
18,-20.5524351966327,16.2411078989594
19,-13.9417771529452,16.1190607106548
20,-10.387545188876,15.9950577235727
21,-8.83237076186693,15.8630339703075
22,-8.44797873515218,15.7169877616189
23,-8.85170842144413,15.5605003020992
24,-9.56793219441108,15.4024586478675
25,-9.96821685650685,15.2470291569593
26,-9.79449011766984,15.0929270982693
27,-9.29751407295295,14.9385242656635
28,-8.86646814100933,14.7818533970274
29,-8.77579274905906,14.6181753476517
30,-9.22643946136431,14.4437869704967
31,-10.4486540650633,14.2624492573391
32,-12.6076081874204,14.0837295994298
33,-15.8480811247274,13.9136485033154
34,-21.2119849964063,13.7491183612921
35,-32.076175032653,13.5820690086693
36,-22.4672709171723,13.4067283302408
37,-17.659611826838,13.2220734090542
38,-15.486305231596,13.0298707249215
39,-14.413922891267,12.8332480526527
40,-14.127507633456,12.6367937647051
41,-14.6193737965609,12.445138282218
42,-15.7893370604368,12.2592782185998
43,-17.4474357284864,12.0742585984102
44,-19.3075427944114,11.8815077290235
45,-20.5998322533401,11.6744577260277
46,-20.384339611341,11.4528250368348
47,-19.1227152147278,11.2223683733237
48,-17.8087883529696,10.9908559274243
49,-16.8969259584776,10.7634645312853
50,-16.4948010595831,10.5404076677493
51,-16.5867443313723,10.317496067734
52,-17.184622214548,10.0885605429981
53,-18.4103247936454,9.84818022959448
54,-20.4948416866325,9.59367494203861
55,-23.8063348922066,9.32601715902958
56,-29.0201773248952,9.04963803398115
57,-33.1152175872024,8.77113167946639
58,-27.4962094202556,8.4970388892139
59,-23.0920110798441,8.2313577883592
60,-20.36992498782,7.97380284942154
61,-18.7089936984631,7.71964152133912
62,-17.728166272233,7.46119620125548
63,-17.117927177608,7.19034490520076
64,-16.6513057860499,6.90107955097039
65,-16.2573377635026,6.59139560031611
66,-16.0081797192216,6.2641638223625
67,-16.0167931673538,5.92690738954516
68,-16.3604995721485,5.59054568598367
69,-17.0627754824073,5.26729062191487
70,-18.0905045709722,4.96809165542681
71,-19.3283163221042,4.70027139302683
72,-20.5242293144797,4.46607091253987
73,-21.2988278937619,4.26255528806069
74,-21.3987041276381,4.08279357360764
75,-20.9605072281043,3.91775078176137
76,-20.3104131889292,3.75819397864903
77,-19.6652106660863,3.59611716929539
78,-19.0909485541539,3.42551484098641
79,-18.5707898760372,3.24258338047067
80,-18.0640116674514,3.04553911608507
81,-17.5417188437253,2.83424699862537
82,-17.0018246512947,2.60981309511012
83,-16.4659504537687,2.37424564655785
84,-15.9665669901033,2.13024743338065
85,-15.5347515900482,1.88116597105663
86,-15.1937571237495,1.63109193655652
87,-14.957843902639,1.38505482154309
88,-14.8338137341074,1.14921596408101
89,-14.8232563429917,0.930907590258729
90,-14.9245719853202,0.73833029290709
91,-15.1345145025504,0.579737003927486
92,-15.4492895625867,0.462045335283793
93,-15.8653195173228,0.389049614619697
94,-16.3797791244988,0.359678647573359
95,-16.9909791734773,0.366894578335508
96,-17.6986510743209,0.397691396950599
97,-18.5041599972372,0.434253825097311
98,-19.4105982728042,0.45592319995941
99,-20.4224267939262,0.441449868085964
100,-21.5434178917669,0.371152083904461
101,-22.7691338384675,0.228907655171619
102,-24.0645122076493,0.0041983374715538
103,-25.3107140985954,-0.305395275234962
104,-26.2320021458037,-0.690859489394843
105,-26.4585008816388,-1.12756612313077
106,-25.8954064217309,-1.57142614178483
107,-24.8919733441299,-1.95898136065536
108,-23.8724489280973,-2.21750539121887
109,-23.0812344335636,-2.28851069930694
110,-22.602714284811,-2.1554568224637
111,-22.4244573067647,-1.8551984628642
112,-22.4732081745658,-1.46388875763329
113,-22.6437286480295,-1.07123447221696
114,-22.8361287799914,-0.76095018840451
115,-22.9881664751419,-0.601878151555094
116,-23.0908138124801,-0.644512800838634
117,-23.2060364900635,-0.915941964427158
118,-23.477657141854,-1.4063431694108
119,-24.0893000498438,-2.04097961685829
120,-25.1756263019,-2.64650281796955
121,-26.6999591361409,-2.97520941409316
122,-28.2117435780753,-2.87280374165598
123,-28.721336200116,-2.4434355776833
124,-27.9127599909437,-1.94928720940461
125,-26.7607635104372,-1.60989365886784
126,-25.9732836675459,-1.53589144655262
127,-25.5949085019635,-1.75136253767062
128,-25.365781256556,-2.2214518271324
129,-25.1145861911237,-2.86312350277893
130,-24.9402739490559,-3.53834317439157
131,-25.0021711032448,-4.04612840586408
132,-25.3391190023342,-4.18693973517536
133,-25.8815631249589,-3.94130698995456
134,-26.5011261888575,-3.54089804449633
135,-27.1322676895334,-3.28649382143508
136,-27.7115110701857,-3.37316158311027
137,-28.1267057210899,-3.86084832243555
138,-28.7307438935601,-4.71006863053233
139,-29.7319827356485,-5.82081138791153
140,-30.548385573116,-7.02444344889376
141,-31.495475009584,-7.97538193417684
142,-33.5332262491774,-8.1969063208958
143,-35.0656954797515,-7.68752217116683
144,-32.3981374148988,-7.03706197022597
145,-30.4283183684567,-6.71896980450229
146,-30.3981347991435,-6.89026147191415
147,-29.9496070841312,-7.60322676959983
148,-29.0395478994815,-8.95987903968887
149,-29.5767036652202,-10.9524620164584
150,-30.6618686177731,-12.6617169629044
151,-28.8027709260902,-12.4232824040127
152,-26.3224927575395,-11.2623927989583
153,-24.8150680674609,-10.7433289686627
154,-24.106449265319,-11.0863444646684
155,-24.1693932995428,-12.042922692232
156,-24.869074166136,-13.5266341708362
157,-25.801249129106,-15.9147600395241
158,-26.9093217200227,-19.70697605963
159,-28.2033433634187,-23.1352527704883
160,-29.4087024507291,-21.6198823934054
161,-29.7570587410988,-19.5830655644768
162,-28.4755332461073,-18.8823267855226
163,-26.9084708741393,-19.4626414699162
164,-26.3318830390071,-21.455741443442
165,-26.6822044249071,-24.3810050830636
166,-27.8626828723348,-23.9382958067148
167,-29.2620311956514,-20.5865931174766
168,-29.8037965127088,-18.1262995507234
169,-30.0962851531662,-16.8829756765479
170,-30.4997929753006,-16.7314537552317
171,-29.7950471130906,-17.5796321473763
172,-27.5056464141495,-19.3321175635717
173,-24.9866553237538,-21.2948189656381
174,-22.9654780871317,-20.8489416267508
175,-21.241215919797,-18.4722173875145
176,-19.7868831438568,-16.965152956538
177,-18.6035210799811,-16.5642122867903
178,-17.5783959775188,-16.3457998250945
179,-16.7426712851964,-15.9795424731399
180,-16.2116518041171,-16.211651804117
